INSERT INTO `osbb`.`buildings`
(`id`,
`building_number`,
`number_of_apartments`,
`address`)
VALUES
(1, 'B1', 5, 'Vyshneva, 1'),
(2, 'B2', 4, 'Vyshneva, 2'),
(3, 'B3', 3, 'Vyshneva, 3'),
(4, 'B4', 5, 'Vyshneva, 4'),
(5, 'B5', 4, 'Vyshneva, 5'),
(6, 'B6', 3, 'Vyshneva, 6'),
(7, 'B7', 4, 'Vyshneva, 7'),
(8, 'B8', 2, 'Vyshneva, 8'),
(9, 'B9', 4, 'Vyshneva, 9'),
(10, 'B10', 3, 'Vyshneva, 10'),
(11, 'B11', 5, 'Vyshneva, 11'),
(12, 'B12', 4, 'Vyshneva, 12'),
(13, 'B13', 3, 'Vyshneva, 13'),
(14, 'B14', 4, 'Vyshneva, 14'),
(15, 'B15', 2, 'Vyshneva, 15'),
(16, 'B16', 3, 'Vyshneva, 16'),
(17, 'B17', 4, 'Vyshneva, 17'),
(18, 'B18', 2, 'Vyshneva, 18'),
(19, 'B19', 3, 'Vyshneva, 19'),
(20, 'B20', 4, 'Vyshneva, 20');

INSERT INTO `osbb`.`apartments`
(`id`,
`apartment_number`,
`floor`,
`area`,
`building_id`)
VALUES
(1, 100, 1, 60, 1),
(2, 101, 1, 34.8, 1),
(3, 102, 2, 40, 1),
(4, 103, 2, 20, 1),
(5, 104, 3, 23, 1),
(6, 105, 1, 60, 2),
(7, 106, 1, 70, 2),
(8, 107, 2, 88, 2),
(9, 108, 2, 90, 2),
(10, 109, 1, 60, 3),
(11, 110, 1, 50, 3),
(12, 111, 1, 37, 3),
(13, 112, 1, 88, 4),
(14, 113, 2, 66, 4),
(15, 114, 2, 40, 4),
(16, 115, 3, 35.9, 4),
(17, 116, 3, 45.8, 4),
(18, 117, 1, 34, 5),
(19, 118, 1, 37, 5),
(20, 119, 2, 75, 5),
(21, 120, 2, 98, 5),
(22, 121, 1, 67, 6),
(23, 122, 2, 57, 6),
(24, 123, 2, 76, 6),
(25, 124, 1, 53, 7),
(26, 125, 2, 44, 7),
(27, 126, 3, 12, 7),
(28, 127, 3, 23, 7),
(29, 128, 1, 567, 8),
(30, 129, 1, 44, 8),
(31, 130, 1, 89.7, 9),
(32, 131, 2, 94, 9),
(33, 132, 3, 101, 9),
(34, 133, 3, 23, 9),
(35, 134, 1, 45, 10),
(36, 136, 1, 35, 10),
(37, 137, 2, 76, 10),
(38, 138, 1, 94, 11),
(39, 139, 2, 67, 11),
(40, 140, 2, 99, 11),
(41, 141, 3, 98, 11),
(42, 142, 4, 95, 11),
(43, 143, 1, 99, 12),
(44, 144, 1, 34, 12),
(45, 145, 2, 45, 12),
(46, 146, 2, 67, 12),
(47, 147, 1, 78, 13),
(48, 148, 2, 89, 13),
(49, 149, 3, 39, 13),
(50, 150, 1, 56, 14),
(51, 151, 2, 78, 14),
(52, 152, 3, 39, 14),
(53, 153, 4, 56, 14),
(54, 154, 1, 56, 15),
(55, 155, 1, 38, 15),
(56, 156, 1, 98, 16),
(57, 157, 2, 62, 16),
(58, 158, 2, 120, 16),
(59, 159, 1, 34, 17),
(60, 160, 2, 67, 17),
(61, 161, 2, 98.7, 17),
(62, 162, 3, 89, 17),
(63, 163, 1, 78, 18),
(64, 164, 2, 34, 18),
(65, 165, 1, 56, 19),
(66, 166, 2, 64, 19),
(67, 167, 2, 68, 19),
(68, 168, 1, 39, 20),
(69, 169, 2, 29, 20),
(70, 170, 2, 48, 20),
(71, 171, 3, 45, 20);

INSERT INTO `osbb`.`osbb_members`
(`id`,
`name`,
`surname`,
`email`)
VALUES
(1, 'Андрій', 'Сидоров', 'andriy.sidorov@gmail.com'),
(2, 'Оксана', 'Мельник', 'oksana.melnik@gmail.com'),
(3, 'Максим', 'Коваль', 'max.koval@gmail.com'),
(4, 'Олена', 'Шевченко', 'olena.shevchenko@gmail.com'),
(5, 'Артем', 'Зайцев', 'artem.zaytsev@gmail.com'),
(6, 'Наталія', 'Павлова', 'nataliya.pavlova@gmail.com'),
(7, 'Володимир', 'Семенов', 'volodymyr.semenov@gmail.com'),
(8, 'Софія', 'Михайлова', 'sofiya.mikhaylova@gmail.com'),
(9, 'Андрій', 'Лисенко', 'andriy.lysenko@gmail.com'),
(10, 'Марія', 'Зубенко', 'mariya.zubenko@gmail.com'),
(11, 'Денис', 'Кравченко', 'denys.kravchenko@gmail.com'),
(12, 'Юлія', 'Ткаченко', 'yuliya.tkachenko@gmail.com'),
(13, 'Петро', 'Бондаренко', 'petro.bondarenko@gmail.com'),
(14, 'Іванна', 'Кузьменко', 'ivanna.kuzmenko@gmail.com'),
(15, 'Анна', 'Гончарова', 'anna.goncharova@gmail.com'),
(16, 'Андрій', 'Морозов', 'andriy.morozov@gmail.com'),
(17, 'Ольга', 'Іванова', 'olga.ivanova@gmail.com'),
(18, 'Дмитро', 'Сергієнко', 'dmytro.sergiyenko@gmail.com'),
(19, 'Валентин', 'Коваленко', 'valentin.kovalenko@gmail.com'),
(20, 'Катерина', 'Петренко', 'katerina.petrenko@gmail.com'),
(21, 'Михайло', 'Григоренко', 'mikhailo.grigorenko@gmail.com'),
(22, 'Ніна', 'Соколова', 'nina.sokolova@gmail.com'),
(23, 'Ірина', 'Кривенко', 'irina.krivenko@gmail.com'),
(24, 'Олександр', 'Литвиненко', 'oleksandr.lytvynenko@gmail.com'),
(25, 'Людмила', 'Савченко', 'lyudmyla.savchenko@gmail.com'),
(26, 'Олексій', 'Мартиненко', 'oleksiy.martynenko@gmail.com'),
(27, 'Тетяна', 'Федоренко', 'tetiana.fedorenko@gmail.com'),
(28, 'Роман', 'Шевчук', 'roman.shevchuk@gmail.com'),
(29, 'Марина', 'Даниленко', 'marina.danilenko@gmail.com'),
(30, 'Юрій', 'Горбач', 'yuriy.gorbach@gmail.com'),
(31, 'Ангеліна', 'Полякова', 'angelina.polyakova@gmail.com'),
(32, 'Андрій', 'Рябченко', 'andriy.ryabchenko@gmail.com'),
(33, 'Наталія', 'Тарасенко', 'nataliya.tarasenko@gmail.com'),
(34, 'Ігор', 'Бондар', 'igor.bondar@gmail.com'),
(35, 'Оксана', 'Гордієнко', 'oksana.gordiyenko@gmail.com'),
(36, 'Віктор', 'Карпенко', 'victor.karpenko@gmail.com'),
(37, 'Тетяна', 'Лисенко', 'tetiana.lysenko@gmail.com'),
(38, 'Денис', 'Семененко', 'denys.semenenko@gmail.com'),
(39, 'Марія', 'Шаповалова', 'mariya.shapovalova@gmail.com'),
(40, 'Юрій', 'Білозеров', 'yuriy.biloserov@gmail.com'),
(41, 'Ірина', 'Мельничук', 'irina.melnychuk@gmail.com'),
(42, 'Андрій', 'Савченко', 'andriy.savchenko@gmail.com'),
(43, 'Олександр', 'Коваленко', 'oleksandr.kovalenko@gmail.com'),
(44, 'Світлана', 'Попова', 'svitlana.popova@gmail.com'),
(45, 'Юлія', 'Ігнатенко', 'yuliya.ignatenko@gmail.com'),
(46, 'Дмитро', 'Федоров', 'dmytro.fedorov@gmail.com'),
(47, 'Ольга', 'Мельник', 'olga.melnik@gmail.com'),
(48, 'Михайло', 'Захарченко', 'mikhailo.zakharchenko@gmail.com'),
(49, 'Іван', 'Кононенко', 'ivan.kononenko@gmail.com'),
(50, 'Аліна', 'Павленко', 'alina.pavlenko@gmail.com'),
(51, 'Олег', 'Красненко', 'oleg.krasnenko@gmail.com'),
(52, 'Марія', 'Сидоренко', 'maria.sydorenko@gmail.com'),
(53, 'Олексій', 'Чернов', 'oleksiy.chernov@gmail.com'),
(54, 'Наталія', 'Денисенко', 'nataliya.denisenko@gmail.com'),
(55, 'Ірина', 'Григоренко', 'irina.grigorenko@gmail.com'),
(56, 'Артем', 'Шаповал', 'artem.shapoval@gmail.com'),
(57, 'Юлія', 'Козачук', 'yulia.kozachuk@gmail.com'),
(58, 'Сергій', 'Марченко', 'sergiy.marchenko@gmail.com'),
(59, 'Дарина', 'Петрук', 'darina.petruc@gmail.com'),
(60, 'Руслан', 'Коваленко', 'ruslan.kovalenko@gmail.com'),
(61, 'Наталія', 'Приходько', 'nataliya.prihodko@gmail.com'),
(62, 'Оксана', 'Гринь', 'oksana.grin@gmail.com'),
(63, 'Анна', 'Смірнова', 'anna.smirnova@gmail.com'),
(64, 'Євген', 'Заєць', 'yevhen.zayets@gmail.com'),
(65, 'Вікторія', 'Шевчук', 'viktoria.shevchuk@gmail.com'),
(66, 'Олександра', 'Ткаченко', 'oleksandra.tkachenko@gmail.com'),
(67, 'Михайло', 'Гончаренко', 'mikhailo.honcharenko@gmail.com'),
(68, 'Тетяна', 'Коваленко', 'tetiana.kovalenko@gmail.com'),
(69, 'Олег', 'Сидоренко', 'oleg.sydorenko@gmail.com'),
(70, 'Надія', 'Павлів', 'nadiya.pavliv@gmail.com'),
(71, 'Ірина', 'Чернова', 'irina.chernova@gmail.com'),
(72, 'Ігор', 'Білоус', 'igor.bilous@gmail.com'),
(73, 'Ірина', 'Литвиненко', 'irina.lytvynenko@gmail.com'),
(74, 'Роман', 'Савченко', 'roman.savchenko@gmail.com'),
(75, 'Віталій', 'Поляков', 'vitaliy.polyakov@gmail.com'),
(76, 'Антоніна', 'Рябченко', 'antonina.ryabchenko@gmail.com'),
(77, 'Дмитро', 'Тарасенко', 'dmytro.tarasenko@gmail.com'),
(78, 'Наталія', 'Бондар', 'nataliya.bondar@gmail.com'),
(79, 'Юрій', 'Гордієнко', 'yuriy.gordiyenko@gmail.com'),
(80, 'Світлана', 'Карпенко', 'svitlana.karpenko@gmail.com'),
(81, 'Тетяна', 'Лисенко', 'tetiana.lysenko@gmail.com'),
(82, 'Денис', 'Семененко', 'denys.semenenko@gmail.com'),
(83, 'Марія', 'Шаповалова', 'mariya.shapovalova@gmail.com'),
(84, 'Юрій', 'Білозеров', 'yuriy.biloserov@gmail.com'),
(85, 'Ірина', 'Мельничук', 'irina.melnychuk@gmail.com'),
(86, 'Андрій', 'Савченко', 'andriy.savchenko@gmail.com'),
(87, 'Олександр', 'Коваленко', 'oleksandr.kovalenko@gmail.com'),
(88, 'Світлана', 'Попова', 'svitlana.popova@gmail.com'),
(89, 'Юлія', 'Ігнатенко', 'yuliya.ignatenko@gmail.com'),
(90, 'Дмитро', 'Федоров', 'dmytro.fedorov@gmail.com'),
(91, 'Ольга', 'Мельник', 'olga.melnik@gmail.com'),
(92, 'Михайло', 'Захарченко', 'mikhailo.zakharchenko@gmail.com'),
(93, 'Іван', 'Кононенко', 'ivan.kononenko@gmail.com'),
(94, 'Аліна', 'Павленко', 'alina.pavlenko@gmail.com'),
(95, 'Олег', 'Красненко', 'oleg.krasnenko@gmail.com'),
(96, 'Марія', 'Сидоренко', 'maria.sydorenko@gmail.com'),
(97, 'Олексій', 'Чернов', 'oleksiy.chernov@gmail.com'),
(98, 'Наталія', 'Денисенко', 'nataliya.denisenko@gmail.com'),
(99, 'Ірина', 'Григоренко', 'irina.grigorenko@gmail.com'),
(100, 'Артем', 'Шаповал', 'artem.shapoval@gmail.com');


INSERT INTO `osbb`.`ownership_rights`
(`id`,
`member_id`,
`apartment_id`)
VALUES
(1, 1, 1),
(2, 4, 2),
(3, 6, 3),
(4, 9, 4),
(5, 11, 5),
(6, 13, 6),
(7, 15, 7),
(8, 16, 8),
(9, 17, 9),
(10, 18, 10),
(11, 19, 11),
(12, 20, 12),
(13, 23, 13),
(14, 25, 14),
(15, 26, 15),
(16, 29, 16),
(17, 31, 17),
(18, 32, 18),
(19, 33, 19),
(20, 34, 20),
(21, 35, 21),
(22, 36, 22),
(23, 37, 23),
(24, 40, 24),
(25, 41, 25),
(26, 42, 26),
(27, 43, 27),
(28, 45, 28),
(29, 48, 29),
(30, 50, 30),
(31, 52, 31),
(32, 54, 32),
(33, 55, 33),
(34, 56, 34),
(35, 57, 35),
(36, 58, 36),
(37, 59, 37),
(38, 61, 38),
(39, 62, 39),
(40, 63, 40),
(41, 64, 41),
(42, 65, 42),
(43, 66, 43),
(44, 67, 44),
(45, 68, 45),
(46, 69, 50),
(47, 72, 51),
(48, 74, 52),
(49, 75, 53),
(50, 77, 54),
(51, 78, 55),
(52, 79, 56),
(53, 80, 57),
(54, 81, 58),
(55, 82, 59),
(56, 83, 60),
(57, 86, 61),
(58, 89, 62),
(59, 90, 71),
(60, 91, 63),
(61, 92, 64),
(62, 94, 65),
(63, 95, 70),
(64, 96, 66),
(65, 98, 67),
(66, 99, 68),
(67, 100, 69);

INSERT INTO `osbb`.`rc_residents`
(`id`,
`name`,
`surname`,
`car_permission`,
`member_id`)
VALUES
(1, 'Андрій', 'Сидоров', 1, 1),
(2, 'Оксана', 'Мельник', 0, 2),
(3, 'Максим', 'Коваль', 0, 3),
(4, 'Олена', 'Шевченко', 0, 4),
(5, 'Артем', 'Зайцев', 1, 5),
(6,  'Наталія', 'Павлова', 0, 6),
(7, 'Володимир', 'Семенов', 0, 7),
(8, 'Софія', 'Михайлова', 0, 8),
(9, 'Zorina', 'Denisova', 0, 9),
(10, 'Vova', 'Denisov', 1, 10),
(11, 'Vitalii', 'Koval', 1, 11),
(12, 'Roman', 'Koval', 1, 12),
(13, 'Ivan', 'Tarsov', 1, 13),
(14, 'Sasha', 'Tarsova', 0, 14),
(15, 'Fabian', 'Ehnov', 1, 15),
(16, 'Nelly', 'Kravets', 0, 16),
(17, 'William', 'Shets', 1, 17),
(18, 'Дмитро', 'Сергієнко', 1,18),
(19, 'Валентин', 'Коваленко', 1, 19),
(20, 'Катерина', 'Петренко', 0, 20),
(21, 'Михайло', 'Григоренко',1, 21),
(22, 'Ніна', 'Соколова', 0, 22),
(23, 'Ірина', 'Кривенко', 0,23),
(24, 'Олександр', 'Литвиненко',0, 24),
(25, 'Людмила', 'Савченко', 0, 25),
(26, 'Олексій', 'Мартиненко', 0, 26),
(27, 'Тетяна', 'Федоренко', 0, 27),
(28, 'Роман', 'Шевчук', 0, 28),
(29, 'Марина', 'Даниленко', 0, 29),
(30, 'Юрій', 'Горбач', 1, 30),
(31, 'Ангеліна', 'Полякова', 1, 31),
(32, 'Андрій', 'Рябченко', 0, 32),
(33, 'Наталія', 'Тарасенко', 0, 33),
(34, 'Ігор', 'Бондар', 0, 34),
(35, 'Оксана', 'Гордієнко', 0, 35),
(36, 'Віктор', 'Карпенко', 0, 36),
(37, 'Тетяна', 'Лисенко', 0, 37),
(38, 'Денис', 'Семененко', 0, 38),
(39, 'Марія', 'Шаповалова', 0, 39),
(40, 'Юрій', 'Білозеров', 1, 40),
(41, 'Ірина', 'Мельничук', 0, 41),
(42, 'Андрій', 'Савченко', 0, 42),
(43, 'Олександр', 'Коваленко', 0, 43),
(44, 'Світлана', 'Попова', 0, 44),
(45, 'Юлія', 'Ігнатенко', 1, 45),
(46, 'Дмитро', 'Федоров', 0, 46),
(47, 'Ольга', 'Мельник', 0, 47),
(48, 'Михайло', 'Захарченко', 0, 48),
(49, 'Іван', 'Кононенко', 0, 49),
(50, 'Аліна', 'Павленко', 1, 50),
(51, 'Олег', 'Красненко', 0, 51),
(52, 'Марія', 'Сидоренко', 0, 52),
(53, 'Олексій', 'Чернов', 0, 53),
(54, 'Наталія', 'Денисенко', 0, 54),
(55, 'Ірина', 'Григоренко', 0, 55),
(56, 'Артем', 'Шаповал', 0, 56),
(57, 'Юлія', 'Козачук', 0, 57),
(58, 'Сергій', 'Марченко', 0, 58),
(59, 'Дарина', 'Петрук', 0, 59),
(60, 'Руслан', 'Коваленко', 0, 60),
(61, 'Наталія', 'Приходько', 0, 61),
(62, 'Оксана', 'Гринь', 0, 62),
(63, 'Анна', 'Смірнова', 0, 63),
(64, 'Євген', 'Заєць', 0, 64),
(65, 'Вікторія', 'Шевчук', 0, 65),
(66, 'Олександра', 'Ткаченко', 0, 66),
(67, 'Михайло', 'Гончаренко', 0, 67),
(68, 'Тетяна', 'Коваленко', 0, 68),
(69, 'Олег', 'Сидоренко', 0, 69),
(70, 'Надія', 'Павлів', 0, 70),
(71, 'Ірина', 'Чернова', 0, 71),
(72, 'Ігор', 'Білоус', 1, 72),
(73, 'Ірина', 'Литвиненко', 0, 73),
(74, 'Роман', 'Савченко', 0, 74),
(75, 'Віталій', 'Поляков', 1, 75),
(76, 'Антоніна', 'Рябченко', 0, 76),
(77, 'Дмитро', 'Тарасенко', 0, 77),
(78, 'Наталія', 'Бондар', 0, 78),
(79, 'Юрій', 'Гордієнко', 0, 79),
(80, 'Світлана', 'Карпенко', 0, 80),
(81, 'Тетяна', 'Лисенко', 0, 81),
(82, 'Денис', 'Семененко', 0, 82),
(83, 'Марія', 'Шаповалова', 0, 83),
(84, 'Юрій', 'Білозеров', 0, 84),
(85, 'Ірина', 'Мельничук', 0, 85),
(86, 'Андрій', 'Савченко', 0, 86),
(87, 'Олександр', 'Коваленко', 0, 87),
(88, 'Світлана', 'Попова', 0, 88),
(89, 'Юлія', 'Ігнатенко', 1, 89),
(90, 'Дмитро', 'Федоров', 0, 90),
(91, 'Ольга', 'Мельник', 0, 91),
(92, 'Михайло', 'Захарченко', 0, 92),
(93, 'Іван', 'Кононенко', 0, 93),
(94, 'Аліна', 'Павленко', 0, 94),
(95, 'Олег', 'Красненко', 0, 95),
(96, 'Марія', 'Сидоренко', 0, 96),
(97, 'Олексій', 'Чернов', 0, 97),
(98, 'Наталія', 'Денисенко', 0, 98),
(99, 'Ірина', 'Григоренко', 1, 99),
(100, 'Артем', 'Шаповал', 1, 100);

INSERT INTO `osbb`.`residents_living`
(`id`,
`resident_id`,
`apartment_id`)
VALUES
(1, 1, 1),
(2, 2, 1),
(3, 3, 1),
(4, 4, 2),
(5, 5, 2),
(6, 6, 3),
(7, 7, 3),
(8, 8, 3),
(9, 9, 4),
(10, 10, 4),
(11, 11, 5),
(12, 12, 5),
(13, 13, 6),
(14, 14, 6),
(15, 15, 7),
(16, 16, 8),
(17, 17, 9),
(18, 18, 10),
(19, 19, 11),
(20, 20, 12),
(21, 21, 12),
(22, 22, 12),
(23, 23, 13),
(24, 24, 13),
(25, 25, 14),
(26, 26, 15),
(27, 27, 15),
(28, 28, 15),
(29, 29, 16),
(30, 30, 16),
(31, 31, 17),
(32, 32, 18),
(33, 33, 19),
(34, 34, 20),
(35, 35, 21),
(36, 36, 22),
(37, 37, 23),
(38, 38, 23),
(39, 39, 23),
(40, 40, 24),
(41, 41, 25),
(42, 42, 26),
(43, 43, 27),
(44, 44, 27),
(45, 45, 28),
(46, 46, 28),
(47, 47, 28),
(48, 48, 29),
(49, 49, 29),
(50, 50, 30),
(51, 51, 30),
(52, 52, 31),
(53, 53, 31),
(54, 54, 32),
(55, 55, 33),
(56, 56, 34),
(57, 57, 35),
(58, 58, 36),
(59, 59, 37),
(60, 60, 37),
(61, 61, 38),
(62, 62, 39),
(63, 63, 40),
(64, 64, 41),
(65, 65, 42),
(66, 66, 43),
(67, 67, 44),
(68, 68, 45),
(69, 69, 50),
(70, 70, 50),
(71, 71, 50),
(72, 72, 51),
(73, 73, 51),
(74, 74, 52),
(75, 75, 53),
(76, 76, 53),
(77, 77, 54),
(78, 78, 55),
(79, 79, 56),
(80, 80, 57),
(81, 81, 58),
(82, 82, 59),
(83, 83, 60),
(84, 84, 60),
(85, 85, 60),
(86, 86, 61),
(87, 87, 61),
(88, 88, 61),
(89, 89, 62),
(90, 90, 71),
(91, 91, 63),
(92, 92, 64),
(93, 93, 64),
(94, 94, 65),
(95, 95, 70),
(96, 96, 66),
(97, 97, 66),
(98, 98, 67),
(99, 99, 68),
(100, 100, 69);

INSERT INTO `osbb`.`roles`
(`id`,
`role_name`,
`учасник ОСББs_id`)
VALUES
(1, 'учасник ОСББ', 1),
(2, 'учасник ОСББ', 2),
(3, 'учасник ОСББ', 3),
(4, 'учасник ОСББ', 4),
(5, 'голова ОСББ', 5),
(6, 'працівник ОСББ', 6),
(7, 'працівник ОСББ', 7),
(8, 'працівник ОСББ', 8),
(9, 'працівник ОСББ', 9),
(10, 'член правління ОСББ', 10),
(11, 'член правління ОСББ', 11),
(12, 'член правління ОСББ', 12),
(13, 'учасник ОСББ', 13),
(14, 'учасник ОСББ', 14),
(15, 'учасник ОСББ', 15),
(16, 'член правління ОСББ', 16),
(17, 'член правління ОСББ', 17),
(18, 'член правління ОСББ', 18),
(19, 'учасник ОСББ', 19),
(20, 'працівник ОСББ', 20),
(21, 'працівник ОСББ', 21),
(22, 'працівник ОСББ', 22),
(23, 'учасник ОСББ', 23),
(24, 'працівник ОСББ', 24),
(25, 'член правління ОСББ', 25),
(26, 'член правління ОСББ', 26),
(27, 'учасник ОСББ', 27),
(28, 'учасник ОСББ', 28),
(29, 'працівник ОСББ', 29),
(30, 'працівник ОСББ', 30),
(31, 'учасник ОСББ', 31),
(32, 'працівник ОСББ', 32),
(33, 'член правління ОСББ', 33),
(34, 'член правління ОСББ', 34),
(35, 'працівник ОСББ', 35),
(36, 'працівник ОСББ', 36),
(37, 'працівник ОСББ', 37),
(38, 'член правління ОСББ', 38),
(39, 'учасник ОСББ', 39),
(40, 'учасник ОСББ', 40),
(41, 'учасник ОСББ', 41),
(42, 'член правління ОСББ', 42),
(43, 'член правління ОСББ', 43),
(44, 'член правління ОСББ', 44),
(45, 'працівник ОСББ', 45),
(46, 'працівник ОСББ', 46),
(47, 'працівник ОСББ', 47),
(48, 'учасник ОСББ', 48),
(49, 'учасник ОСББ', 49),
(50, 'учасник ОСББ', 50),
(51, 'учасник ОСББ', 51),
(52, 'учасник ОСББ', 52),
(53, 'учасник ОСББ', 53),
(54, 'працівник ОСББ', 54),
(55, 'працівник ОСББ', 55),
(56, 'працівник ОСББ', 56),
(57, 'учасник ОСББ', 57),
(58, 'учасник ОСББ', 58),
(59, 'учасник ОСББ', 59),
(60, 'учасник ОСББ', 60),
(61, 'учасник ОСББ', 61),
(62, 'член правління ОСББ', 62),
(63, 'член правління ОСББ', 63),
(64, 'член правління ОСББ', 64),
(65, 'член правління ОСББ', 65),
(66, 'член правління ОСББ', 66),
(67, 'член правління ОСББ', 67),
(68, 'член правління ОСББ', 68),
(69, 'працівник ОСББ', 69),
(70, 'працівник ОСББ', 70),
(71, 'працівник ОСББ', 71),
(72, 'учасник ОСББ', 72),
(73, 'учасник ОСББ', 73),
(74, 'учасник ОСББ', 74),
(75, 'учасник ОСББ', 75),
(76, 'учасник ОСББ', 76),
(77, 'учасник ОСББ', 77),
(78, 'учасник ОСББ', 78),
(79, 'учасник ОСББ', 79),
(80, 'член правління ОСББ', 80),
(81, 'член правління ОСББ', 81),
(82, 'член правління ОСББ', 82),
(83, 'працівник ОСББ', 83),
(84, 'учасник ОСББ', 84),
(85, 'учасник ОСББ', 85),
(86, 'учасник ОСББ', 86),
(87, 'працівник ОСББ', 87),
(88, 'працівник ОСББ', 88),
(89, 'член правління ОСББ', 89),
(90, 'член правління ОСББ', 90),
(91, 'член правління ОСББ', 91),
(92, 'учасник ОСББ', 92),
(93, 'учасник ОСББ', 93),
(94, 'учасник ОСББ', 94),
(95, 'учасник ОСББ', 95),
(96, 'учасник ОСББ', 96),
(97, 'учасник ОСББ', 97),
(98, 'учасник ОСББ', 98),
(99, 'учасник ОСББ', 99),
(100, 'член правління ОСББ', 100);